{
    "agent": {
        "robot": "duckiebot",
        "initial_robot_pose" : {
            "x_m": 1.0,
            "y_m": 1.0,
            "z_m": 0.1,
            "theta_rad": 0.0
        }
    },
    "room": {
        "xsize_m": 9.9441,
        "ysize_m": 4.2418,
        "walls_outside": true,
        "wall_height_m": 2.5,
        "walls_rgba": [0.9, 0.9, 0.8, 0.5],
        "floor_rgba": [0.4, 0.4, 0.4, 1.0]
    },
    "obstacles": [
        {
            "id": 1,
            "x_m": 0.0,
            "y_m": 1.4732,
            "xsize_m": 1.8288,
            "ysize_m": 0.8128,
            "zsize_m": 2.5,
            "rgba": [0.9, 0.9, 0.8, 1.0]
        },
        {
            "id": 2,
            "x_m": 0.0,
            "y_m": 3.3274,
            "xsize_m": 0.9144,
            "ysize_m": 0.9144,
            "zsize_m": 0.0,
            "rgba": [0.0, 0.0, 0.0, 0.0]
        },
        {
            "id": 3,
            "x_m": 0.9144,
            "y_m": 3.5814,
            "xsize_m": 0.7874,
            "ysize_m": 0.6604,
            "zsize_m": 0.9271,
            "rgba": [0.9, 0.9, 0.8, 1.0]
        },
        {
            "id": 4,
            "x_m": 1.7018,
            "y_m": 3.5433,
            "xsize_m": 0.7747,
            "ysize_m": 0.6985,
            "zsize_m": 0.1,
            "rgba": [0.0, 0.0, 0.0, 1.0]
        },
        {
            "id": 5,
            "x_m": 2.4765,
            "y_m": 3.5814,
            "xsize_m": 0.9017,
            "ysize_m": 0.6604,
            "zsize_m": 0.9271,
            "rgba": [0.9, 0.9, 0.8, 1.0]
        },
        {
            "id": 6,
            "x_m": 3.3782,
            "y_m": 1.3843,
            "xsize_m": 0.8001,
            "ysize_m": 2.8578,
            "zsize_m": 0.9271,
            "rgba": [0.9, 0.9, 0.8, 1.0]
        },
        {
            "id": 7,
            "x_m": 3.2766,
            "y_m": 1.3843,
            "xsize_m": 0.1016,
            "ysize_m": 0.1524,
            "zsize_m": 0.9271,
            "rgba": [0.9, 0.9, 0.8, 1.0]
        },
        {
            "id": 8,
            "x_m": 6.7056,
            "y_m": 3.7465,
            "xsize_m": 0.7874,
            "ysize_m": 0.4953,
            "zsize_m": 0.7874,
            "rgba": [0.3, 0.3, 0.3, 1.0]
        },
        {
            "id": 9,
            "x_m": 8.4709,
            "y_m": 3.5687,
            "xsize_m": 1.4732,
            "ysize_m": 0.6731,
            "zsize_m": 0.7620,
            "rgba": [0.3, 0.3, 0.3, 1.0]
        },
        {
            "id": 10,
            "x_m": 8.1661,
            "y_m": 0.0,
            "xsize_m": 1.7780,
            "ysize_m": 0.6858,
            "zsize_m": 0.9652,
            "rgba": [0.4, 0.4, 0.3, 1.0]
        },
        {
            "id": 11,
            "x_m": 5.83,
            "y_m": 1.54,
            "xsize_m": 1.82,
            "ysize_m": 0.89,
            "zsize_m": 0.0,
            "rgba": [0.0, 0.0, 0.0, 0.0]
        },
        {
            "id": 12,
            "x_m": 4.24,
            "y_m": 1.59,
            "xsize_m": 0.46,
            "ysize_m": 0.44,
            "zsize_m": 0.0,
            "rgba": [0.0, 0.0, 0.0, 0.0]
        },
        {
            "id": 13,
            "x_m": 4.24,
            "y_m": 2.29,
            "xsize_m": 0.46,
            "ysize_m": 0.44,
            "zsize_m": 0.0,
            "rgba": [0.0, 0.0, 0.0, 0.0]
        },
        {
            "id": 14,
            "x_m": 4.24,
            "y_m": 2.99,
            "xsize_m": 0.46,
            "ysize_m": 0.44,
            "zsize_m": 0.0,
            "rgba": [0.0, 0.0, 0.0, 0.0]
        },
        {
            "id": 15,
            "x_m": 5.01,
            "y_m": 0.14,
            "xsize_m": 0.69,
            "ysize_m": 0.68,
            "zsize_m": 0.0,
            "rgba": [0.0, 0.0, 0.0, 0.0]
        },
        {
            "id": 16,
            "x_m": 9.0,
            "y_m": 2.95,
            "xsize_m": 0.44,
            "ysize_m": 0.46,
            "zsize_m": 0.0,
            "rgba": [0.0, 0.0, 0.0, 0.0]
        },
        {
            "id": 17,
            "x_m": 8.82,
            "y_m": 0.8,
            "xsize_m": 0.44,
            "ysize_m": 0.46,
            "zsize_m": 0.0,
            "rgba": [0.0, 0.0, 0.0, 0.0]
        }
    ],
    "markers": [
        {
            "id": "couch",
            "cx_m": 6.75,
            "cy_m": 2.0,
            "cz_m": 0.33,
            "angle_rad": 1.57079
        },
        {
            "id": "refrigerator",
            "cx_m": 0.4,
            "cy_m": 3.48,
            "cz_m": 0.87,
            "angle_rad": -1.57079
        },
        {
            "id": "oven",
            "cx_m": 2.09,
            "cy_m": 3.875,
            "cz_m": 0.513,
            "angle_rad": -1.57079
        },
        {
            "id": "microwave",
            "cx_m": 2.09,
            "cy_m": 4.05,
            "cz_m": 1.778,
            "angle_rad": -1.57079
        },
        {
            "id": "tv",
            "cx_m": 7.12,
            "cy_m": 4.0,
            "cz_m": 0.94,
            "angle_rad": 1.57079
        },
        {
            "id": "chair",
            "cx_m": 4.5,
            "cy_m": 1.8,
            "cz_m": 0.38,
            "angle_rad": 3.14150
        },
        {
            "id": "chair",
            "cx_m": 4.5,
            "cy_m": 2.5,
            "cz_m": 0.38,
            "angle_rad": 3.14150
        },
        {
            "id": "chair",
            "cx_m": 4.5,
            "cy_m": 3.2,
            "cz_m": 0.38,
            "angle_rad": 3.14150
        },
        {
            "id": "dining_table",
            "cx_m": 5.35,
            "cy_m": 0.5,
            "cz_m": 0.32,
            "angle_rad": 0.0
        },
        {
            "id": "chair",
            "cx_m": 9.2,
            "cy_m": 3.15,
            "cz_m": 0.38,
            "angle_rad": 1.57079
        },
        {
            "id": "chair",
            "cx_m": 9.05,
            "cy_m": 1.05,
            "cz_m": 0.38,
            "angle_rad": 4.71238
        }
    ]
}